avg_latency_hops,avg_latency_ms,bandwidth_mbps,cache_hit_ratio,cache_hits,cache_misses,cache_policy,cache_size,completed_requests,consumer_count,data_tx,failed_edge,forwarding,interest_lifetime_ms,interest_tx,items_per_prefix,link_delay_ms,nodes,pit_capacity,pit_overflow_drops,producer_count,producer_serves,queue_drops,queue_limit_packets,requests,retransmissions,seed,system,timed_out_requests,topology,verification_failures,workload,zipf_alpha
2.4066265060240966,75.20680578313237,25.0,0.0,0.0,1356.0,lfu,0,332.0,4,835.0,,best-route,250.0,848.0,80,8.0,12,256,0.0,3,332.0,0.0,64,400.0,108.0,11,ndn,68.0,mesh,0.0,zipf,0.8
6.661654135338346,66.56862075187958,25.0,0.0,0.0,133.0,lfu,0,133.0,4,443.0,,best-route,250.0,472.0,80,8.0,12,256,0.0,3,0.0,267.0,64,400.0,0.0,11,ip,0.0,mesh,0.0,zipf,0.8
2.305019305019305,76.93115305019292,25.0,0.0,0.0,1225.0,lfu,0,259.0,4,635.0,,best-route,250.0,649.0,80,8.0,12,256,0.0,3,259.0,0.0,64,400.0,176.0,11,ndn,141.0,mesh,0.0,zipf,1.2
6.661654135338346,66.56862075187958,25.0,0.0,0.0,133.0,lfu,0,133.0,4,443.0,,best-route,250.0,472.0,80,8.0,12,256,0.0,3,0.0,267.0,64,400.0,0.0,11,ip,0.0,mesh,0.0,zipf,1.2
2.1598837209302326,69.50548093023245,25.0,0.16279069767441862,56.0,1225.0,lfu,8,344.0,4,775.0,,best-route,250.0,785.0,80,8.0,12,256,0.0,3,288.0,0.0,64,400.0,96.0,11,ndn,56.0,mesh,0.0,zipf,0.8
6.661654135338346,66.56862075187958,25.0,0.0,0.0,133.0,lfu,8,133.0,4,443.0,,best-route,250.0,472.0,80,8.0,12,256,0.0,3,0.0,267.0,64,400.0,0.0,11,ip,0.0,mesh,0.0,zipf,0.8
1.5776397515527951,58.2413436024844,25.0,0.43167701863354035,139.0,908.0,lfu,8,322.0,4,523.0,,best-route,250.0,532.0,80,8.0,12,256,0.0,3,183.0,0.0,64,400.0,115.0,11,ndn,78.0,mesh,0.0,zipf,1.2
6.661654135338346,66.56862075187958,25.0,0.0,0.0,133.0,lfu,8,133.0,4,443.0,,best-route,250.0,472.0,80,8.0,12,256,0.0,3,0.0,267.0,64,400.0,0.0,11,ip,0.0,mesh,0.0,zipf,1.2
1.96045197740113,62.1203624858756,25.0,0.2796610169491525,99.0,1115.0,lfu,16,354.0,4,722.0,,best-route,250.0,732.0,80,8.0,12,256,0.0,3,255.0,0.0,64,400.0,82.0,11,ndn,46.0,mesh,0.0,zipf,0.8
6.661654135338346,66.56862075187958,25.0,0.0,0.0,133.0,lfu,16,133.0,4,443.0,,best-route,250.0,472.0,80,8.0,12,256,0.0,3,0.0,267.0,64,400.0,0.0,11,ip,0.0,mesh,0.0,zipf,0.8
1.356923076923077,46.15184246153839,25.0,0.5169230769230769,168.0,796.0,lfu,16,325.0,4,453.0,,best-route,250.0,462.0,80,8.0,12,256,0.0,3,157.0,0.0,64,400.0,102.0,11,ndn,75.0,mesh,0.0,zipf,1.2
6.661654135338346,66.56862075187958,25.0,0.0,0.0,133.0,lfu,16,133.0,4,443.0,,best-route,250.0,472.0,80,8.0,12,256,0.0,3,0.0,267.0,64,400.0,0.0,11,ip,0.0,mesh,0.0,zipf,1.2
1.649171270718232,52.97156685082865,25.0,0.425414364640884,154.0,944.0,lfu,32,362.0,4,619.0,,best-route,250.0,628.0,80,8.0,12,256,0.0,3,208.0,0.0,64,400.0,70.0,11,ndn,38.0,mesh,0.0,zipf,0.8
6.661654135338346,66.56862075187958,25.0,0.0,0.0,133.0,lfu,32,133.0,4,443.0,,best-route,250.0,472.0,80,8.0,12,256,0.0,3,0.0,267.0,64,400.0,0.0,11,ip,0.0,mesh,0.0,zipf,0.8
1.1450151057401812,40.30185377643499,25.0,0.6102719033232629,202.0,681.0,lfu,32,331.0,4,385.0,,best-route,250.0,389.0,80,8.0,12,256,0.0,3,129.0,0.0,64,400.0,94.0,11,ndn,69.0,mesh,0.0,zipf,1.2
6.661654135338346,66.56862075187958,25.0,0.0,0.0,133.0,lfu,32,133.0,4,443.0,,best-route,250.0,472.0,80,8.0,12,256,0.0,3,0.0,267.0,64,400.0,0.0,11,ip,0.0,mesh,0.0,zipf,1.2
2.43030303030303,69.75247515151501,25.0,0.0,0.0,1340.0,lfu,0,330.0,4,831.0,,best-route,250.0,838.0,80,8.0,12,256,0.0,3,330.0,0.0,64,400.0,102.0,12,ndn,70.0,mesh,0.0,zipf,0.8
7.042016806722689,69.63803697478977,25.0,0.0,0.0,119.0,lfu,0,119.0,4,419.0,,best-route,250.0,419.0,80,8.0,12,256,0.0,3,0.0,281.0,64,400.0,0.0,12,ip,0.0,mesh,0.0,zipf,0.8
2.316205533596838,75.93772521739118,25.0,0.0,0.0,1205.0,lfu,0,253.0,4,615.0,,best-route,250.0,625.0,80,8.0,12,256,0.0,3,253.0,0.0,64,400.0,180.0,12,ndn,147.0,mesh,0.0,zipf,1.2
7.042016806722689,69.63803697478977,25.0,0.0,0.0,119.0,lfu,0,119.0,4,419.0,,best-route,250.0,419.0,80,8.0,12,256,0.0,3,0.0,281.0,64,400.0,0.0,12,ip,0.0,mesh,0.0,zipf,1.2
2.1246376811594203,62.23531223188393,25.0,0.19130434782608696,66.0,1181.0,lfu,8,345.0,4,756.0,,best-route,250.0,761.0,80,8.0,12,256,0.0,3,279.0,0.0,64,400.0,86.0,12,ndn,55.0,mesh,0.0,zipf,0.8
7.042016806722689,69.63803697478977,25.0,0.0,0.0,119.0,lfu,8,119.0,4,419.0,,best-route,250.0,419.0,80,8.0,12,256,0.0,3,0.0,281.0,64,400.0,0.0,12,ip,0.0,mesh,0.0,zipf,0.8
1.6462585034013606,60.54299102040807,25.0,0.40476190476190477,119.0,931.0,lfu,8,294.0,4,502.0,,best-route,250.0,509.0,80,8.0,12,256,0.0,3,175.0,0.0,64,400.0,141.0,12,ndn,106.0,mesh,0.0,zipf,1.2
7.042016806722689,69.63803697478977,25.0,0.0,0.0,119.0,lfu,8,119.0,4,419.0,,best-route,250.0,419.0,80,8.0,12,256,0.0,3,0.0,281.0,64,400.0,0.0,12,ip,0.0,mesh,0.0,zipf,1.2
1.855191256830601,53.171019016393316,25.0,0.3442622950819672,126.0,1032.0,lfu,16,366.0,4,694.0,,best-route,250.0,697.0,80,8.0,12,256,0.0,3,240.0,0.0,64,400.0,61.0,12,ndn,34.0,mesh,0.0,zipf,0.8
7.042016806722689,69.63803697478977,25.0,0.0,0.0,119.0,lfu,16,119.0,4,419.0,,best-route,250.0,419.0,80,8.0,12,256,0.0,3,0.0,281.0,64,400.0,0.0,12,ip,0.0,mesh,0.0,zipf,0.8
1.2878338278931751,44.113266706231386,25.0,0.5667655786350149,191.0,749.0,lfu,16,337.0,4,446.0,,best-route,250.0,450.0,80,8.0,12,256,0.0,3,146.0,0.0,64,400.0,90.0,12,ndn,63.0,mesh,0.0,zipf,1.2
7.042016806722689,69.63803697478977,25.0,0.0,0.0,119.0,lfu,16,119.0,4,419.0,,best-route,250.0,419.0,80,8.0,12,256,0.0,3,0.0,281.0,64,400.0,0.0,12,ip,0.0,mesh,0.0,zipf,1.2
1.5826558265582655,46.54893962059611,25.0,0.44986449864498645,166.0,892.0,lfu,32,369.0,4,598.0,,best-route,250.0,602.0,80,8.0,12,256,0.0,3,203.0,0.0,64,400.0,56.0,12,ndn,31.0,mesh,0.0,zipf,0.8
7.042016806722689,69.63803697478977,25.0,0.0,0.0,119.0,lfu,32,119.0,4,419.0,,best-route,250.0,419.0,80,8.0,12,256,0.0,3,0.0,281.0,64,400.0,0.0,12,ip,0.0,mesh,0.0,zipf,0.8
1.0659025787965617,38.554206074498516,25.0,0.6389684813753582,223.0,639.0,lfu,32,349.0,4,381.0,,best-route,250.0,385.0,80,8.0,12,256,0.0,3,126.0,0.0,64,400.0,77.0,12,ndn,51.0,mesh,0.0,zipf,1.2
7.042016806722689,69.63803697478977,25.0,0.0,0.0,119.0,lfu,32,119.0,4,419.0,,best-route,250.0,419.0,80,8.0,12,256,0.0,3,0.0,281.0,64,400.0,0.0,12,ip,0.0,mesh,0.0,zipf,1.2
2.426829268292683,76.69372878048766,25.0,0.0,0.0,1351.0,lfu,0,328.0,4,828.0,,best-route,250.0,838.0,80,8.0,12,256,0.0,3,328.0,0.0,64,400.0,113.0,13,ndn,72.0,mesh,0.0,zipf,0.8
7.1525423728813555,71.20876203389818,25.0,0.0,0.0,118.0,lfu,0,118.0,4,422.0,,best-route,250.0,422.0,80,8.0,12,256,0.0,3,0.0,282.0,64,400.0,0.0,13,ip,0.0,mesh,0.0,zipf,0.8
2.3295019157088124,79.98014651340982,25.0,0.0,0.0,1231.0,lfu,0,261.0,4,646.0,,best-route,250.0,654.0,80,8.0,12,256,0.0,3,261.0,0.0,64,400.0,177.0,13,ndn,139.0,mesh,0.0,zipf,1.2
7.1525423728813555,71.20876203389818,25.0,0.0,0.0,118.0,lfu,0,118.0,4,422.0,,best-route,250.0,422.0,80,8.0,12,256,0.0,3,0.0,282.0,64,400.0,0.0,13,ip,0.0,mesh,0.0,zipf,1.2
2.1054131054131053,67.20963099715087,25.0,0.21937321937321938,77.0,1182.0,lfu,8,351.0,4,762.0,,best-route,250.0,771.0,80,8.0,12,256,0.0,3,274.0,0.0,64,400.0,88.0,13,ndn,49.0,mesh,0.0,zipf,0.8
7.1525423728813555,71.20876203389818,25.0,0.0,0.0,118.0,lfu,8,118.0,4,422.0,,best-route,250.0,422.0,80,8.0,12,256,0.0,3,0.0,282.0,64,400.0,0.0,13,ip,0.0,mesh,0.0,zipf,0.8
1.6401273885350318,56.95427363057316,25.0,0.3662420382165605,115.0,955.0,lfu,8,314.0,4,545.0,,best-route,250.0,551.0,80,8.0,12,256,0.0,3,199.0,0.0,64,400.0,119.0,13,ndn,86.0,mesh,0.0,zipf,1.2
7.1525423728813555,71.20876203389818,25.0,0.0,0.0,118.0,lfu,8,118.0,4,422.0,,best-route,250.0,422.0,80,8.0,12,256,0.0,3,0.0,282.0,64,400.0,0.0,13,ip,0.0,mesh,0.0,zipf,1.2
1.8396739130434783,56.86532956521729,25.0,0.3423913043478261,126.0,1039.0,lfu,16,368.0,4,694.0,,best-route,250.0,700.0,80,8.0,12,256,0.0,3,242.0,0.0,64,400.0,65.0,13,ndn,32.0,mesh,0.0,zipf,0.8
7.1525423728813555,71.20876203389818,25.0,0.0,0.0,118.0,lfu,16,118.0,4,422.0,,best-route,250.0,422.0,80,8.0,12,256,0.0,3,0.0,282.0,64,400.0,0.0,13,ip,0.0,mesh,0.0,zipf,0.8
1.3273273273273274,44.34287663663657,25.0,0.5405405405405406,180.0,779.0,lfu,16,333.0,4,462.0,,best-route,250.0,466.0,80,8.0,12,256,0.0,3,153.0,0.0,64,400.0,93.0,13,ndn,67.0,mesh,0.0,zipf,1.2
7.1525423728813555,71.20876203389818,25.0,0.0,0.0,118.0,lfu,16,118.0,4,422.0,,best-route,250.0,422.0,80,8.0,12,256,0.0,3,0.0,282.0,64,400.0,0.0,13,ip,0.0,mesh,0.0,zipf,1.2
1.5623342175066313,45.84705442970815,25.0,0.46949602122015915,177.0,878.0,lfu,32,377.0,4,602.0,,best-route,250.0,607.0,80,8.0,12,256,0.0,3,200.0,0.0,64,400.0,48.0,13,ndn,23.0,mesh,0.0,zipf,0.8
7.1525423728813555,71.20876203389818,25.0,0.0,0.0,118.0,lfu,32,118.0,4,422.0,,best-route,250.0,422.0,80,8.0,12,256,0.0,3,0.0,282.0,64,400.0,0.0,13,ip,0.0,mesh,0.0,zipf,0.8
1.1011560693641618,37.2201442774566,25.0,0.6358381502890174,220.0,652.0,lfu,32,346.0,4,393.0,,best-route,250.0,395.0,80,8.0,12,256,0.0,3,126.0,0.0,64,400.0,77.0,13,ndn,54.0,mesh,0.0,zipf,1.2
7.1525423728813555,71.20876203389818,25.0,0.0,0.0,118.0,lfu,32,118.0,4,422.0,,best-route,250.0,422.0,80,8.0,12,256,0.0,3,0.0,282.0,64,400.0,0.0,13,ip,0.0,mesh,0.0,zipf,1.2
